Time,V1,V2,V3,V4,V5,V6,V7,V8,V9,V10,V11,V12,V13,V14,V15,V16,V17,V18,V19,V20,V21,V22,V23,V24,V25,V26,V27,V28,Amount,Class
141767.0,-3.3068649525233,3.56121997776357,-2.52661589945031,-1.30371697764448,0.497543895918886,-0.248917759557933,0.114988903684659,1.09984472910416,0.216966394100905,0.922645100580757,0.28956577884023,1.30649744227796,1.33905499223836,-0.824995927007769,-1.02879874692021,0.606641773556052,0.491248947472667,0.439487340551029,0.199475790490197,0.564810960470808,-0.111124632945596,-0.488906982874538,-0.0051186253869526,-0.29245256479118,0.21667822522854,0.288962280715713,-0.244305009793061,0.39671898418823,4.19,0
140296.0,-0.527866924713154,1.59508556024002,0.0657152255356032,0.71643268685539,1.09510425971327,-0.540527213549667,1.57988948261178,-0.417222746979804,-0.576389251394813,0.966313242677712,1.02983399106246,1.18133531821677,0.804572717829164,0.103642933471632,-1.09523240176438,-1.22366828351134,-0.21534181419746,-0.107856689925644,0.950020077918077,0.44595956082941,0.0665399220538032,0.876319900202493,-0.328803098192514,0.0616071022153977,0.102375429638023,-0.420182051688839,0.496932639296891,0.136998667727801,6.49,0
113119.0,2.07297348158607,-0.201203159390516,-1.6725421772371,-0.035956585068381,0.367122729219971,-0.345362124712269,-0.0513960068697922,-0.0288902158060846,0.756646586075116,0.115041045726883,0.244379419138345,0.0070316374446181,-1.45620579173213,0.943007895235977,0.403402113693357,0.15027802996327,-0.89855580322623,0.959072852969936,0.306822601255238,-0.296434315425133,0.265404756360767,0.805066521486043,-0.0432318001026771,0.176311510788356,0.338551919822373,-0.435167170069306,-0.0107971909039702,-0.0654703536097617,1.0,0
39487.0,1.44759142136975,-1.23242479003326,0.353153589391239,-1.2700318868724,-1.79497395653202,-1.06748807226047,-1.02111250796623,-0.125693256314771,-1.49417818496682,1.49292853018512,-0.877301170437337,-2.12686892213148,-1.84585226329414,0.168496493773472,0.829815884745509,-0.286407863751061,0.644294680376387,0.253952958371765,-0.240482016419757,-0.404900580479508,-0.219382596240248,-0.435334457147862,0.0313959250393645,0.312649718906016,0.294666528301705,-0.202804169005709,0.0076740630290945,0.0223777315587437,50.0,0
151319.0,2.07331299463265,0.205851584851926,-1.75509904389836,0.376689478633832,0.575528450951966,-0.765049995292478,0.260577375689927,-0.286235562610275,0.349694780271102,-0.41109695551835,-0.533845779149229,0.636928947896252,1.11129295235173,-1.05487137459472,0.105788911766306,0.315148112314767,0.358676163219623,-0.380210810792044,0.102690034885591,-0.0714567811682162,-0.358969222883252,-0.893717488006303,0.302120317233016,0.407156513891928,-0.205350934342968,0.177191646689444,-0.0575611488919146,-0.0286366637014049,8.73,0
120179.0,-1.20318419080569,-0.983655204399499,-0.410295860788474,-2.38517668562054,1.43439806743778,-0.827772030886877,-0.0957371560910715,0.0865541326794576,-0.934274758815415,0.762350790174556,0.139092430176147,-0.735003787337371,-0.443130929906397,0.0763822311060853,-0.89135599465073,1.46693019036854,-0.633866318064445,-0.431753036698797,0.120424148571083,0.393669948396104,0.5382532802839,1.42273855080363,-0.0645910075056267,0.0642265030185048,-0.178426830732771,-0.132893763652243,0.421995526063016,0.534078191652432,56.85,0
2941.0,-0.459412069077787,0.540497392023857,1.15755198584912,-2.14146004109077,0.220650982644249,-0.852102546287626,0.924108915979556,-0.10902886325353,0.720050995281386,-0.993509386588408,1.57660776052886,0.490027212408053,-1.43881789893917,0.532226692074956,0.538859826206997,-0.685750619587159,-0.406816521847011,0.155043274706851,-0.239691324484658,-0.0665036251028962,0.140727031768195,0.730497007559116,-0.240773707721038,0.200217977677462,-0.0935861127410379,-0.836211982426045,0.244727218327017,-0.0275280633119628,1.0,0
50011.0,0.741752381870321,-1.28013754104093,0.229766849441844,0.0882922808506183,-0.562436592937001,0.992757700148431,-0.372605226816465,0.189780797240546,1.20656598703884,-0.632244377810226,-1.75438324676413,0.417973413452956,0.63911566324643,-0.627293112452098,0.0428135650880878,0.0131105374648376,-0.100188755555971,-0.623650185518822,0.545457244272136,0.514892447195873,-0.12904121436219,-0.667677899249576,-0.307456763472354,-1.21680216650839,0.16375720749653,1.02835506924908,-0.0679157687748637,0.045005081605256,280.5,0
128925.0,1.73751267885591,0.176282847073037,-0.217786673175008,3.32011824809952,0.92831049107336,2.55764026546277,-0.73860527385399,0.791837237523794,-0.732569959195289,1.40619515331336,0.762889545387417,0.512658232512503,-0.224307865548071,0.234152510952035,-0.209562989173744,0.698944181513074,-0.467942068019982,-1.18622797188098,-2.2349917786799,-0.350916183685413,-0.144260210162558,-0.38677204279403,0.527545304953257,-0.836729011568325,-0.772877686877837,-0.350369433864492,0.0477724702631391,-0.0453221490410062,3.15,0
29156.0,-1.23207059050141,0.550349228246647,2.70638864652109,1.07541306351846,1.15916484518052,1.81615524576449,0.781223393998519,0.243067147492102,-0.688598372628419,0.171295558860658,0.267221141797122,-0.583661951522598,-0.844049259714662,-0.26979223916061,1.36326265815228,-0.194052986299652,-0.0016874004554454,-1.99407901575952,-3.21629774709191,-0.234864706864115,-0.0676809293976835,0.14346636838113,0.134319332010067,-1.03108145099912,-0.115008951361557,-0.213172630778491,-0.316604407586387,-0.424509701734429,44.61,0
64372.0,1.12208821752198,0.236314834937046,0.537681019678109,1.31421185354905,-0.12462262967542,0.0339019400935614,0.007542482371373,0.0799165653796756,-0.0860027191604737,0.0272095566010591,1.46248941717716,1.65253062043353,0.435712286251816,0.136090459905743,-0.886682799347762,-0.620053804291652,0.0479162253229062,-0.636136683170455,-0.157631555649388,-0.157259226055017,-0.0331440611190362,0.155050235872822,-0.0515843333541578,0.250693989058133,0.631546474902786,-0.343814752780093,0.0423203171522291,0.00799502804811,1.0,0
45334.0,1.24542919100329,-0.0343346612034559,0.595110805813212,-0.05345960547118,-0.74399641066641,-1.00008203799098,-0.132028905306147,-0.212287318178169,0.281990172952325,-0.243508806790923,-0.100675649769132,0.613694213073102,0.865472870452747,-0.0114195285480105,1.17389434417135,0.374204492401999,-0.404941221220645,-0.504863444102799,0.0169565564332069,0.0220636386058422,-0.113507415442781,-0.323544790982507,0.071017853731838,0.469262074015185,0.13503260723555,0.899774880196434,-0.0697089666362847,0.0144932540977129,22.07,0
101748.0,-0.236666927838555,0.93821960276358,0.646989203131829,1.78402964440738,0.874783521525009,-0.271066886465479,1.0557320679029,-0.249091394394088,-0.577404718735953,0.285351037695314,0.224548488673037,-3.00431310107715,1.71939137298258,1.67298125923367,-1.34658365324749,0.0569047197002153,0.84854888574098,-0.896671062166654,-0.0266633018201429,0.181535582067214,-0.169357866080551,-0.424720284464605,0.280187249344045,1.11384373541069,-0.998683187253075,2.10843519635616,-0.0674125015818857,0.168058829624711,68.17,0
148754.0,0.0473641685790809,-0.474493047753038,0.454133337174095,-1.81062407821563,-1.14180802625085,0.435155923480306,0.33041167079733,0.169805690188491,-0.438231068721563,0.190183353411388,0.370132485773264,-1.05346764823361,-2.11748151592636,-0.0990554218652288,-1.26180439448854,1.26645585205223,0.134452598410617,-1.03431269818999,0.906583199489767,-0.117432933775343,-0.112637561106051,-0.487755089021776,0.384686444905323,0.605977855265115,-0.778137056396659,-0.697973971778219,-0.0351905499267253,-0.0428567657201659,173.66,0
120580.0,1.7384078750551,-0.491418794308989,-0.363447316458922,1.24637137690934,-0.463203025564607,0.0814627831438113,-0.435534787266824,0.148466062280233,0.74249355768101,0.290211985483042,0.457026719973625,0.770695430157506,-0.404231662262306,0.271209340146778,-0.133434755688467,0.637256005780912,-0.945049307289954,0.450348151240156,-0.143550990671877,-0.0812588622350401,-0.0822948797106877,-0.367354019998175,0.245198189879307,-0.477114382199423,-0.426857154901506,-0.942277296292894,0.0364082151606358,-0.0228539892904451,100.0,0
14471.0,-1.23328106242039,-0.51247506185935,1.92672248213129,-0.640706925419053,0.945366459377886,-0.743693146376266,-0.541211081143064,0.252254999989648,1.11115729637182,-0.928751883666765,2.2159378788908,-1.94652915359891,1.28926141186804,1.67453498375548,-0.513296755489359,0.537840964472123,0.0775210957813327,0.36995431979541,-1.04186704326275,0.108386485245149,0.215594882043661,0.499032163536343,0.134817831385306,0.0080730993463493,-0.616092591164377,0.821575406342157,0.0010135053467821,0.141611873986159,14.95,0
169521.0,1.94532164366661,-0.308502694479699,-0.375967561834795,0.228226263489501,-0.33417372877517,0.0711554044501586,-0.589050108281507,0.145127627103328,0.919090984612291,-0.0251374269780746,1.04073268483242,1.50440811317655,0.584773824852158,0.0403311713031337,-0.0217514065263393,0.322730748457767,-0.783461084329485,0.168738533512777,0.140848654620838,-0.161606667642091,-0.121475877338963,-0.233082445350043,0.401274672722949,0.673907579542818,-0.438477632756198,-0.674059709453571,0.0336980964222135,-0.0332348936663159,5.0,0
115855.0,-2.89190725845928,-4.10054815789871,2.06002293827047,-0.968355163881576,2.5549543457798,-2.40334367763545,-2.65638488502943,0.401218434015089,0.0860910984280373,-0.201991303814297,-1.30793199449803,0.452745764497368,1.28343746800324,-1.26677900448622,-1.79565702169506,0.79165598045943,0.295604970666961,-1.54992585712145,0.185907681981535,1.07238810387695,0.446766204467857,0.359398173714072,0.709338835323168,0.0126097980988674,-0.294374651244261,-0.447395457979137,0.0543644619684355,0.250302101044032,50.0,0
52838.0,1.17908352523206,-0.0724984095644677,0.390849730624207,0.220229251067397,-0.769439445857735,-1.30384439292266,0.0856962729695096,-0.288457415608649,0.131749514915725,-0.141765142925941,0.03666066784636,0.325613572070239,0.158641325827579,0.245385863849269,1.01739147227436,0.134712550371443,-0.192107687054023,-0.500225446362795,-0.186405939468386,0.0226969327669607,0.0689576960554885,0.131859063407307,-0.0508165031407441,0.79706065927094,0.324187610843533,1.04499348391113,-0.0925046530188502,0.0129180531608453,52.15,0
75300.0,1.23726441429832,0.235768448385124,0.504742943684017,0.626692140414921,-0.460412396130421,-0.978215028663328,0.100980968549972,-0.227734217193313,-0.0072994472826507,-0.0813168215449643,-0.161776718269323,0.548209755496886,0.656064407287234,0.174533358470318,0.996597315946494,0.289772665843756,-0.4434958028283,-0.579943738715892,-0.123509623966629,-0.0466295151210227,-0.246441198524967,-0.723943323872491,0.121144591829063,0.384615401577694,0.224981312413727,0.0924278768609278,-0.0291569248573163,0.0218259022084639,13.99,0
70568.0,1.3158510861885,0.373644995629573,-0.0336716989725141,0.490679233178894,0.0887027747820096,-0.579065534342444,0.107795472913872,-0.182687140087389,0.0030806944262139,-0.298305666648632,-0.719099313801714,0.263322933581639,0.947240966061612,-0.45215941335064,1.09233092636603,0.696441217692524,-0.343305812615391,-0.0957292379215279,0.114153472051345,-0.0167673747149975,-0.336207315838134,-0.937500718425441,0.0186790469026516,-0.479965752030172,0.347577094768392,0.144555016502949,-0.0204179684686036,0.0235408281759123,1.78,0
28510.0,0.975786971057598,0.0467394697490817,0.215415488269537,1.2468732918166,-0.155444757516204,-0.500546243030119,0.379122328569659,-0.0929627588304147,-0.154832844178347,-0.0508652941953254,-0.101990651141595,0.183385204620431,-0.392325343409574,0.602975086783093,1.18195836481541,-0.0866630325129052,-0.123270201774551,-1.07608142888685,-0.549302410050967,0.0241081220204481,-0.380238598088185,-1.39304519838011,0.165007628269281,-0.0058110654997225,0.120524653787732,-0.819886247659398,0.0031653256949843,0.04468282269664,116.0,0
162166.0,-0.508742396434726,0.741352435880421,0.21811650174335,-0.795914649643246,-0.223452148147925,0.503411672653506,-0.699899831162466,-0.0650470186841063,0.411853138289405,-0.454313528664358,-0.181368536037929,0.115112611986675,-0.968483281260895,0.364486696444037,-0.45289621869978,0.929453737896691,-0.819458515988011,1.07468105503545,-0.126863139076704,-0.478422277097837,1.13675952587858,0.652638832296001,0.0128142333415629,0.29434904011235,-0.394088792595797,0.54275780160943,-0.220990854371567,-0.0683505431019136,6.4,0
142924.0,1.98020956321094,0.295430861999724,-1.92835307521561,1.06859492640819,0.87668315853245,-0.86796398765169,0.823199829166814,-0.418077210385355,-0.566709879031912,0.488354009957503,0.893124609152973,1.37253161875453,0.996067683712085,0.774567796033327,-0.56971523768733,-0.229206699350236,-0.816027011165682,-0.0430465247523993,-0.0607838776841152,-0.132419487404162,0.190015945582151,0.619675689760074,-0.102108522523559,-0.362734167753049,0.498913571299775,-0.48561920877133,-0.0317624568404732,-0.0693423731054086,36.99,0
124106.0,-0.547101698203741,-0.150790181308893,-1.58874392935449,0.374708609448445,1.55880255476142,-0.478317650595684,0.860362047004859,-0.232033240855295,0.712669971380372,-0.509397945167861,0.675259885223923,-0.512737929550073,-1.56348510674136,-2.0905168714558,-0.508260975780898,0.205113663470467,1.28534662180239,1.48403609858299,1.00111464651089,-0.137470952682122,-0.250333448898334,-0.0902137825657665,0.206575927351134,-0.0103787785471625,-0.329453312133063,-0.325802861708619,-0.0211499757711697,-0.0097447830441521,115.3,0
136977.0,1.91897307366091,-0.0335486156762643,-0.935299831462336,1.50113946494098,0.004609171271696,-0.646626101704327,0.206656757835098,-0.283090123744272,0.571476259145913,0.112175432476779,-0.967254613637552,1.02509055918086,0.940984586750239,-0.119871135211089,-0.754326692787154,-0.60182659284654,-0.209842585290712,-0.522593790959783,-0.307570139090472,-0.157864224512864,0.143546649492453,0.708213596765433,-0.0231099473790455,0.0330609631122178,0.33501591667281,-0.465724487044967,0.0261300915001635,-0.0425240448082304,40.0,0
67566.0,1.36335576225335,-1.09010588736795,1.11968360243846,-0.608391319635856,-1.2234383237945,1.2213796789225,-1.65807818103871,0.429581692697531,0.477696974324402,0.419675172700986,-0.583108794909984,0.381868331901094,0.594476743773453,-1.36279744638514,-2.02222124235747,1.12454481635233,0.131495085575395,-0.4859773878723,1.77902784796819,0.110463492218327,0.107773227265675,0.666343947655686,-0.272890025371609,-0.910432418902086,0.642950033614509,0.0179879090794889,0.0835392537277494,0.004425280441514,3.5,0
74009.0,-0.27603964172907,1.11911879703545,0.888611194062676,-0.166616322272998,0.510432187872765,-0.414556567109051,0.724597697738846,-0.0277458040317345,-0.370451588197287,-0.521491358054901,-1.03337693242153,-0.259691402774822,0.552571511411675,-0.539874600339971,0.935797120647921,0.653655614610753,-0.359410020144727,0.146487940357639,0.271575215574752,0.169043851136637,-0.322648201665028,-0.846092673405062,-0.130095184146257,-0.630420517012237,-0.0209597888231526,0.131002185532001,0.244983202034953,0.0892149055113887,6.84,0
112104.0,-0.655209897372599,1.39388515609886,1.77787534267312,4.50793948200936,-0.203996422294277,0.771598478400632,-0.131847836608785,0.561537680827754,-2.0844737936633,1.08407614388084,-1.07089541769158,-0.172144372548274,1.28254088002779,0.159233725060453,1.12942486703701,0.302568816420892,0.0906818758811832,0.485810692163546,0.791367769385052,0.295502158117145,0.373466911883518,0.932308558027658,-0.0438749936071982,0.012081407862965,-0.433161898776181,0.454358654079214,0.0755423774324028,0.0821073759489943,51.95,0
169569.0,1.95787680751402,0.382253373501388,-2.92125228390628,0.879480134502126,2.0590142263302,0.816828595735688,0.509466403527864,0.170285959075722,-0.383146607750557,-0.0636988233460579,1.17887610546755,0.219507239636526,-0.868543564950302,-0.0282948727064623,0.48285743563186,-0.507945257556084,0.878474754487113,-0.378632601699219,-1.07051627609459,-0.32762345244152,0.178741052900206,0.657657818634065,-0.0520354084764025,-1.05837508733285,0.408893894057828,-0.331207027301279,0.0130990442165807,-0.0620365162862278,3.99,0
67888.0,1.27218566088623,-1.21648473660866,1.58335871840015,-0.207601259790621,-1.95513276935469,0.545127359698725,-1.76911443801172,0.471363625609107,1.00265699003343,0.275775168328634,-1.27222516432159,-1.04629155246113,-1.95376600681023,-0.978115791169756,-0.906771491879883,0.357591951527602,1.28179999368874,-1.57449342436382,0.644828181039887,-0.133139352552226,0.142606905399806,0.720620772296678,-0.0351432909943911,0.103511001535318,0.342495185029434,-0.0094014787082101,0.0905117960316004,0.0191859889062402,1.0,0
33828.0,0.98077337864174,-0.760750671584561,1.02375758890386,0.0897505911123154,-0.934654737693392,0.868597453383478,-0.931571363177044,0.540344294086461,1.12852882906442,-0.357777263612087,1.13579764981944,0.749444624476864,-1.44154545559852,-0.0311492623382463,-0.347780952247488,-0.446877427518936,0.532649641639922,-0.879866123090281,0.0234528424754711,-0.109116924854214,-0.109866575202524,-0.202212421360739,0.0986167722419477,-0.233035712779823,-0.10416115602187,0.982860509303018,-0.0225848431692259,0.0036244228191248,60.0,0
85630.0,0.980086596083785,-0.413762357094635,1.08887579401574,1.42594522327385,-1.02452288619998,0.184941182311805,-0.687400255694002,0.311490661479722,1.03469377014645,-0.0939124427532487,-0.862275770923517,-0.741939959026753,-2.09547674430719,0.217442522587408,1.08285049100212,0.103509134096984,-0.0159674416300038,0.0350422167321251,-0.852510280206139,-0.156051965915885,0.170596696863637,0.428745677800398,-0.0969888327750034,0.046931971578962,0.332474624966099,-0.213588900633042,0.0561369896785921,0.0406929243925609,79.0,0
89361.0,1.82775438989435,-0.546742880716823,-0.645647809701398,0.257892752498807,0.203474107382449,1.36820114527339,-0.797926596303149,0.456589013193426,0.735810322058257,0.0894602154594617,1.21137106192659,1.44368435732334,0.677588743925802,0.0271415684567155,0.529023924038033,-0.410162684404062,-0.056500873520064,-0.768132354248219,-1.14641856600933,-0.224775125176677,0.440690255466021,1.58326256649536,0.0695382445446365,-1.32652115395566,-0.260919352521246,0.639438853368055,0.033743166445479,-0.0725899425252218,17.85,0
54562.0,-0.851963468595609,1.19022894321287,1.39030820249558,1.11206910303424,1.29013349169261,0.347079821468153,1.01869165793222,0.283892104840264,-1.77644871346209,0.0903069899883396,1.21157010278799,-0.0194475881501112,-1.18081319246846,0.80216447889014,-0.59553381118719,0.172480006642436,-0.39991480826189,-0.722238317454692,-1.96663222414534,-0.278092741985773,0.167175646918184,0.329556180500797,-0.274167561582259,-0.312094957345038,0.250451662112419,-0.0456335010217001,0.0335383141234976,0.0679997136767348,1.0,0
150000.0,-2.3711146517446,-1.83794560891429,1.91411685257474,0.120124847727218,2.56978683409712,-1.28867946452341,-1.25719167158945,0.515160538919924,0.154636981501467,-0.668002434110174,0.494497442982107,0.507028656833857,-1.06896186638592,0.348172297885287,-0.488417506741763,-0.22388464738035,-0.24472494587015,0.304320169131153,1.08939929170516,0.584655713470541,-0.153341053783235,-1.18985593601556,0.301846049793772,0.679734035730646,0.3705172646629,-0.596965748700588,-0.0340755474069679,0.115194953130133,0.76,0
79315.0,1.04856558654989,-0.0844540899281083,0.74306044237901,1.23137032325988,-0.534220289821353,0.11015694635825,-0.289705858278436,0.267885077459654,0.423019210628593,-0.0159612234654858,1.15662178150068,0.633073966743229,-1.56921482170084,0.450974423493805,-0.467401597345398,-0.357699057698094,0.105732441497486,-0.395651260176094,-0.0933172426467788,-0.221570631078063,-0.178902358881579,-0.457957379155922,0.0803056207201872,0.178368914155817,0.312023213583634,-0.543423978387494,0.0397593229020514,0.0176481462396788,29.95,0
76710.0,1.09239890383606,-0.715442201330813,0.819585155541697,0.212134787171156,-1.15581676426641,-0.11158826471084,-0.645931545301049,0.138447198134488,1.42945417656936,-0.449447883653909,-1.4617821572938,-0.283039096513601,-1.23813133924054,-0.305709055663878,-0.113171597248286,0.0964607392973283,0.0415391061140301,-0.300144714131254,0.636671733305559,0.0150207890407247,-0.23366081102128,-0.652691029603865,-0.0357292012369381,-0.0724672692229343,0.128962297248341,0.969620664736939,-0.0578364949223836,0.0202045222461389,87.7,0
131166.0,0.460910171888545,-0.690082300554402,0.729022886847078,-2.40430526891289,-0.427164539842564,-0.354993511114358,0.0307676290321777,-0.500199272947081,-1.77578965751411,1.75373436304809,0.314563750111956,-1.13392643473759,-0.476268147754215,-0.599528376956044,-0.917252168937387,-0.658220222574893,0.0552675151625329,0.667683233664873,0.595176161246264,-0.255687071628998,-0.154109883546177,0.288808424423096,-0.138237725187033,-0.371288642116134,-0.575233834600942,-0.226883545052361,-0.355940638715946,-0.388046634645787,15.0,0
152759.0,-0.122297152119004,1.77527757241157,-2.13448952015011,0.187193308739478,0.66777305265813,-0.122486033408016,-1.75004497342771,-5.34085689323809,-0.635119204768605,-2.40204316181021,1.22532167282672,0.245262587799253,-1.40014806182135,-1.27281043439342,0.255515113216794,1.27235767478448,1.791672208654,2.03769762079571,-0.602774810975333,1.15850547570191,-2.32461527555411,1.41954500671608,-0.0117614523148041,-0.651043170996985,0.134166799641749,-0.116282248053173,0.201190572366033,0.437517234825769,1.0,0
59037.0,1.21485906470201,-0.0332160723539603,0.469479264260348,0.0386824666432383,-0.689168661807256,-0.921264518088831,-0.126798490362514,-0.0754547069342221,-0.0311009426015302,0.048147748495451,1.57400536888185,0.724139524381262,-0.431205789918564,0.529169725302261,0.42370242340357,0.452345971475138,-0.476459487939949,-0.0135772763120358,0.213631762358151,-0.0745860891857752,-0.0422908332425116,-0.18971700102414,0.0546576073416442,0.580847474545669,0.168821189767036,0.898934766937024,-0.0898017537792505,-0.0027367733519569,12.99,0
138193.0,1.99213852320527,-0.0831097678112015,-1.79664978667341,0.313379835931647,0.139456176000287,-0.82714199417835,-0.0704932207763102,-0.0360123397612598,1.0145886563784,-0.683669884285804,0.652343584723878,0.0476154817839518,-1.66749251435214,-1.11836415532052,-0.624416811855308,0.404305064414329,0.887088902172551,0.881109325555767,0.546760623957725,-0.243132045557224,-0.241970357398854,-0.547463986034141,0.136621503723808,-0.575071942649661,-0.0950508062019576,-0.0794686500871883,-0.0200737117563604,-0.0343716277966775,15.5,0
140748.0,1.85423416811618,-0.744864531658435,-0.441238871602158,0.0946559870525018,-0.717728649601128,-0.0744225445577186,-0.699808701325878,0.119229792928963,1.31614091225999,-0.0671182638135115,0.45462571130641,0.92966435623777,-0.18521975522734,0.0327272772773762,-0.0883855717112407,0.347175304967021,-0.750866962978533,0.676478879021319,0.198792897199706,-0.0949295690235675,0.246825190029387,0.799768134753424,0.0431987766520325,-0.356284338930602,-0.201678405246301,0.126049507840523,0.0025750925580222,-0.0465676351882447,65.21,0
1240.0,-1.44121390062933,-0.0786043182064121,0.44989775887534,-1.90035224345884,0.283061204686841,-2.07426900552269,0.102044633892666,0.285482712364763,0.454187909447254,-1.54440395072525,0.249596658201759,0.859428366574647,-0.0598822491200383,0.772317362721714,1.21438346141577,-1.08301592489212,0.492333203158429,-0.754525875480147,0.0351843968641967,0.17143187849836,0.228577140323388,0.441481942794508,-0.0607761341603209,0.660865421728201,-0.218272741449229,-0.145545030002073,0.27047144180853,-0.0074012560645402,1.0,0
158275.0,-0.544957433479127,0.652398246099018,-0.179139761291085,-0.462638364413626,0.568749867775325,-0.588124297495749,0.642083747402244,-0.114460185419958,0.218492496371251,0.44078678456941,0.363504945321479,0.0321233184528234,-1.27051139395209,0.448145787641145,-0.603261258860355,-0.0189257751959159,-0.525221919224058,-0.0435226080724553,0.769317686172442,-0.249711362962792,-0.181482702801039,-0.447141062311021,0.245459708999676,-0.429954270419906,-0.93479821008062,0.127737366431293,-0.201093017488493,0.180700047838268,8.95,0
44390.0,-5.20988903279889,-2.11405942309836,0.560253654387312,2.39186690239156,0.98887379179992,1.17982297355112,-1.67174051305718,-3.70578869045398,1.60105314697219,0.285887620283868,-1.96205771798341,0.373971735615308,-0.51440960488853,-0.828628116377966,-0.944748298798345,-0.828049118260221,0.981869066325091,-0.768975877501131,2.14023991923497,-4.14934023203449,2.30101023134598,-1.2344363167438,3.13760847349043,-0.754550669483441,0.442885062131338,-0.165859721766565,1.64197608301037,-1.01409927715121,46.49,0
76212.0,1.30328747130855,1.02396629681794,-3.18759877794988,0.468391376332885,3.35398834275341,2.43141576294318,0.184510029081288,0.622720734318949,-0.556254237155181,-1.48559121669323,1.02162151440564,-0.735357568889104,-0.334758399163931,-3.20768727769818,1.2758914482595,1.36960790655687,2.2157503993763,1.79733902926388,-0.464014454326646,0.0782293170189546,-0.265551030750655,-0.823366277317414,-0.241908291092634,0.674554283708571,1.01223645799856,-0.278655507270368,0.0412600249293446,0.0899118553968184,1.0,0
151010.0,2.05164787149409,-1.24956161198745,0.0533991908993795,-0.32727178927879,-1.5080399563504,0.272187957009612,-1.65446921039787,0.296143766351069,0.993525977715289,0.661312535815879,-1.77187859653781,-0.926189402950285,-1.15440226792176,-0.245571629059289,1.15268531053471,-0.739757515804511,-0.529829561034306,2.26189683040709,-1.1044800851398,-0.651180927100631,-0.154548813942932,0.0903406788969931,0.28610447086392,0.39205579297241,-0.476314413501736,-0.280881030061124,0.079620967785021,-0.0146661144738141,25.0,0
33550.0,0.984015584102331,-0.236826291525381,1.26482146681441,1.31594531327681,-0.883088514955512,0.422928920423312,-0.711759847431021,0.357002291385054,0.507163487091115,0.0391243707481595,1.30765341646706,0.917184942345173,-0.520081859592943,0.0806426996221237,0.177002738809825,0.156830389760459,-0.29103605085684,0.249114635605523,-0.641096957436908,-0.105686791912125,0.236421798496211,0.734286643408451,-0.0774284268380151,0.24198182983412,0.34420955041297,-0.246035753922448,0.0695631581287583,0.0308301091445847,48.0,0
127440.0,1.66575578919726,-0.72357838753789,-2.10841087713797,0.331026062345222,0.136691760644645,-0.342361851481556,0.0516751793075704,0.0517231486553009,1.08366575892918,-0.694441209568558,0.49499639278631,-0.297495517013414,-2.252207281765,-0.819745663900854,-0.503277886937764,0.434976757417049,0.79699368576551,0.964518248448169,0.524522077780775,0.0964392442921209,-0.140924101891344,-0.725336920867142,0.0304714887198848,0.184643846802979,-0.163619776983971,-0.130917302758974,-0.063899724255199,-0.0014426736725161,189.68,0
52766.0,0.332807349285399,-0.163581118973074,1.81039151908779,-0.99641175687589,-1.30607472986021,-0.162670791121559,-1.03694352596087,-0.758363052666586,-0.84305591284536,0.263121032334595,0.311229648343611,-0.0373539205469062,1.02420920113144,-0.526575035944399,1.16494190839639,1.07013924521822,0.449489569583113,-1.49419311655336,-0.35507506823997,-0.0070264119733439,1.18177104579932,0.934738553554616,-0.18441105842257,0.459242820605281,0.933694024823079,0.0357270130857297,0.137375216536121,0.142431001855327,9.0,0
51049.0,1.29246482345922,0.354631728427054,-0.0416328843880604,0.497919556192719,0.101255471274498,-0.568114807313373,0.142695135316269,-0.20151280599595,-0.0400854645258899,-0.312086871113049,-0.671926783013512,0.410393522004383,1.22500466961658,-0.504240313396957,1.06363033852892,0.685124431972931,-0.358692063018231,-0.127038756199286,0.108393068250751,0.025754795102037,-0.325640320167634,-0.921375079517025,0.0046093030983773,-0.471793898257832,0.352418511716095,0.142329281080406,-0.0209234324383551,0.0262586775585468,13.99,0
139464.0,1.87499559306976,-0.0640322924175163,-2.00439721833728,1.11556871933462,0.927507832273229,-0.103798609826268,0.607706799267677,-0.191148971547604,-0.111276391575868,0.370920306805174,0.37130984429263,1.04358821977743,0.181518417944371,0.623733650108997,-1.1767545921068,-0.39094090131387,-0.589325874679473,-0.0142239146005148,0.222023353972813,-0.0567936328334233,0.1186803771862,0.337474580830058,-0.10998352671008,0.240273905661205,0.492637823472686,-0.522648145573558,-0.0363718195630466,-0.0550594553454048,88.1,0
156574.0,-0.109782752970294,1.13007909565698,-1.03664569279692,-0.639581246108421,1.16047599790446,-0.94235814659955,1.36100678584162,-0.182604162414949,-0.319108329630089,0.274958775527547,0.678611337991693,0.0993703536588544,-1.19067195477718,1.04401802800025,-0.439016077105211,-0.577819529005733,-0.515402480718927,0.368314742432634,0.522656482528222,0.0643553169931262,0.249709875012588,0.918164759243415,-0.046552759365386,0.763957899283334,-0.727767315653603,-0.3433637556281,0.579170320877155,0.383745368126891,9.97,0
140967.0,-0.46829543811159,0.481364284221545,1.39310850965747,-0.217793350870918,0.244418904149109,0.731467541868791,-0.0238091464256791,0.29565246019532,0.254036999822638,-0.430495109523965,0.145516721541642,0.2900798752368,-0.291217315020196,-0.0146002977112057,0.191445626808744,-0.0373360174648107,-0.55096876719271,1.21516961486522,1.31566291327819,0.0430888799208176,0.28702243158175,0.901109308118093,-0.337480635525725,0.310508106658912,-0.0508102566366524,-0.0600274192693448,0.035554340875269,0.153543445277406,12.99,0
23007.0,0.867880426757669,1.80117178571178,-1.25302483167596,1.9689459670736,0.994804113676294,-2.07811067508769,1.14577924245122,-0.671332812495901,0.906766487727738,-1.37706744789772,2.39201879061797,-2.57562887195779,2.2581364636195,-2.45232815750731,0.235196727930376,0.52682883162633,3.59442778661503,1.47249389215875,-0.818891301500012,0.166414647462747,-0.303777656535526,-0.152113727937254,0.109098347664987,0.53579516966973,-0.550049858490153,-0.50430031909375,0.0739505582644533,-0.207296458738364,2.29,0
136531.0,-0.224274643375886,0.62914520708841,-2.75127772708297,1.02277719985387,0.574911137565911,-0.364659088061662,2.34922318648764,-0.0583798769656916,-0.891661900618798,-0.0351743901426885,-1.81921247227595,-0.735540571420649,-0.919762442166822,1.39324057917775,-0.208844597897321,-0.99014769525737,0.0358601418563023,0.201315661957186,0.54696513742858,0.478769279448642,0.691313115404015,1.63944786715235,0.66939375322299,0.263258258892859,-0.92514281744438,-0.369050255710891,0.367193158345636,0.366504272003659,312.17,0
160885.0,1.94744108710247,-0.0124963109503078,-1.27305067561762,0.110014623568476,-0.200446679560972,-0.98524004984852,-0.34975863503901,-0.0988677972304001,0.870912844095401,-1.08205954245909,0.467339342358626,0.434428592898899,0.685186627842437,-2.56626769300945,0.792756689081154,1.03198339118598,1.50666026361589,0.118804246707937,-0.394222155969644,0.0142105019915153,-0.369657106558184,-0.995964877735695,0.491681593446913,0.929147787119067,-0.807895810623484,0.795491840156662,-0.0593479756717989,0.0138559248248756,30.9,0
131689.0,1.99533301248259,-0.602006672860035,-0.624867235104434,0.139687494833789,-0.33628163779703,0.477993316364612,-0.892254564391947,0.280567499644807,1.19064374729123,0.199562497772875,-0.0435073320485635,0.257161588056747,-0.823669434359234,0.0850305996593181,-0.151764694017551,0.773276276841595,-0.929291967425075,0.856634537601805,0.279571498242609,-0.191712518756942,0.154924578062977,0.54626773873758,0.120012476967632,0.120413202564112,-0.242859105165029,0.557516477229903,-0.0356799586353878,-0.0581164796982582,11.5,0
104822.0,0.940905223207256,0.797887280398081,-0.293617920582512,1.47506900446721,0.622075507199807,-0.688245511729271,1.07310398945054,-0.690469820474356,1.05972836075524,-0.0351751018613076,0.28863937413725,-2.40706516221019,1.91247762327174,1.70583719057949,0.166319599854523,-2.02577671203081,1.49298400875063,-0.0408057223177106,2.51581040598458,0.193407751090344,-0.0869483367519639,0.486528246371587,-0.134622151444371,-0.0790417496428042,-0.141693632768239,0.136287981694293,-0.162970037041114,-0.292941105305828,25.99,0
132734.0,-2.01564031525424,1.14291198459303,-0.0305963391657903,-0.483132352440305,-1.1078267644361,2.92304037218455,-2.07290314014833,-5.7110942849718,-1.04543676723331,0.577760538794075,-0.508235630753958,-0.378109138077046,-0.514017044009084,-0.0108268341958168,-0.502801735140183,0.0640914079285469,1.44604535196701,-0.0785133031289806,4.26186676563016,-0.0494549909547263,1.93189991862842,0.351295344768954,-0.477828774438572,-0.265423146190934,0.615437370120625,0.654162238510239,0.253316632806536,-0.0222463173848519,217.0,0
134712.0,0.0103053174154178,0.748166486814344,0.159185720788366,-0.778161857711785,0.596614966500345,-0.537398494391228,0.858093918533549,0.018439262792545,-0.196502642287868,-0.235542128936106,0.429890283830793,0.429247125770951,-0.599241183104153,0.410361051853445,-0.968642410658929,0.168131226599,-0.689524248544856,-0.162666312553489,0.260742897673658,-0.0541057069548994,-0.229520374664651,-0.543386959097015,0.0369913206483704,-0.418619611603284,-0.509004281736323,0.148176218569392,0.241322552125452,0.0823159063643852,5.99,0
125628.0,-0.83164247188404,-0.104982359586851,-1.0106912260042,-2.10834054226972,0.53481560384863,-1.01348110091235,0.340942817819284,0.336307315943641,1.40040733081272,-1.23192374001022,-2.02342470577801,0.066911694174618,-1.10068892876215,0.0876224571366087,-2.05833105751142,-0.427941291749052,-0.187282970846049,-0.322351736031674,-0.761529053219475,-0.452777813303288,0.415483056172681,1.57719395913193,0.378960186905958,0.702174234681314,-0.980175413441411,0.568452808742856,0.283472397884284,0.242726236318314,20.0,0
7687.0,1.25138036612324,1.45964158085225,-1.43047492022396,1.84520019847725,0.965773424902824,-1.77053117333631,0.725734786402734,-0.502719495377203,0.743989126147662,-1.93904380056513,1.87592238976923,-2.65685105265258,2.12267620221037,-2.06740330977369,0.265224134437777,0.976883425200018,3.40469261730726,1.52991300524243,-1.04562534360629,-0.0402843849557077,-0.353798092528255,-0.640326899776406,-0.203895229812991,0.0165902051780468,0.855379236449065,-0.334941581281772,0.0173162199635145,0.0918765176684846,0.89,0
31972.0,1.18978276616615,-0.829047644578496,0.537066803781868,-0.368814943207302,-1.62841200865996,-1.37239239229864,-0.448822576653368,-0.187477057401966,-0.621946319357312,0.688077590099427,-0.296670277921517,-0.897378695289305,-1.51058708371251,0.485250675495637,1.13395922428665,-1.2397977682294,0.22312317426324,0.914073665606375,-0.975765952824466,-0.431970576585244,-0.422283618451186,-1.03296009924002,0.155915703431905,0.880543817716126,-0.0659601721297797,0.868471428683239,-0.0816644280954075,0.0274330547369117,92.0,0
114131.0,2.00625638010796,0.18168723133302,-1.60680026582541,1.40250519817478,0.398807244292585,-1.14997358073727,0.647470409323177,-0.412452091006734,0.227702489081629,0.258025421884526,-1.00282490012804,0.228987540134282,-0.441236263601468,0.572276566612224,-0.497469904752507,-0.72946694195572,-0.115988962228411,-0.636148903835452,-0.226129732555389,-0.289876223996536,0.0548621351930698,0.353456642333239,-0.0098293695099028,-0.0120051680083059,0.447735183431679,-0.490098595842091,-0.0180122501716262,-0.0604003999183023,20.13,0
125165.0,-2.53902533347579,-2.04528149517439,1.51712430069606,0.741198118719463,0.88766431293308,-0.0685621923922126,-0.126308915124026,0.338262900329796,0.282725663435794,-0.397570626147259,0.414673843864969,0.258823547724678,-0.658341780528284,-0.0036227849611767,-0.189867406867167,0.886331368780892,-1.1181959326453,1.1065643504198,-0.421408932212708,0.0244376470184948,0.189333483534741,0.412478980128933,0.867441166793759,0.694407060807854,-0.133599930786144,-0.81627931170451,0.083044432536075,0.379680048135724,241.5,0
80079.0,1.57530229888744,-0.890063891843386,-0.308032404630106,-1.57844407441905,-0.687370323469513,-0.289771893974847,-0.721766403508716,-0.163113301000695,-2.00523257631275,1.43414894406392,-1.00551998674813,-1.11485797981353,0.505804403608523,-0.152616222245074,0.676627790485582,-0.692218633552337,0.591739542583806,-0.370776984727988,-0.194052515391589,-0.361680550757579,-0.238143040783925,-0.230338301356937,-0.0957494204788861,-0.780062935537869,0.601242767382777,-0.0621724079118451,0.025930596962097,-0.0012341672168864,5.95,0
147211.0,-1.08415478669018,1.56109570609901,-0.36797303007032,-0.714964311092734,0.190968395213158,-1.05568044821821,0.852219379519115,0.103593956338754,0.170454309919603,0.040668039404483,-1.23174453985487,0.387183226954728,0.34890984289334,0.13216026270585,-0.743373067625361,-0.246919340414208,-0.276089772070292,-0.738803887036278,0.062021950878708,0.0021740452508022,-0.181955383298286,-0.217206402037008,0.0551576384918395,-0.0923704353116635,-0.779607179016304,0.0856338448348717,-0.34365450681108,-0.244368052154961,13.32,0
109859.0,2.06130536938678,-0.137237520478301,-1.51168002215517,0.18384663556844,0.384176832186393,-0.271244741005767,-0.196200793608324,-0.0557700730312203,2.1220392453938,-0.247215275297869,1.21307478788827,-2.76094518077067,-0.410034341099449,2.50262848998201,-0.229088825571767,0.0669942294556538,-0.0489149620846007,1.18907961719014,0.0065499408560656,-0.385387853742132,0.119226793553319,0.6094561252803,-0.0082955773814301,0.126093730520829,0.270586729145792,-0.47148806609408,-0.0380222630023856,-0.0728991746904398,1.0,0
149761.0,2.06341947800095,-0.0334811963087025,-1.08552485000428,0.400240305783867,-0.0861387390020827,-1.17023191870867,0.208278014054599,-0.350386850041051,0.495325454253172,0.06281373617567,-0.739583561691863,0.594752266353552,0.40677345251483,0.206135090731169,0.0083493632221751,-0.102570792565627,-0.329339553643867,-0.889877411903345,0.166508522899536,-0.197512702548758,-0.28841311770224,-0.684211786363203,0.327045427986366,-0.0150832826678984,-0.279609076771423,0.198449129516871,-0.0689849561501771,-0.0595362947217709,3.59,0
88216.0,-1.75228643555173,2.27896485419335,0.333518029532759,0.765864433733775,0.861570327991674,-0.117504898695167,0.304733892599866,-3.43647481131447,-0.663267484643206,0.18274641628027,-0.928277918835319,0.33235009643606,0.128053253012141,0.437433577376778,-0.227836640599976,-1.24074076301924,0.512808269092211,-0.401367491536195,0.831680459339691,-0.567703228185683,3.06776054991437,-0.711685360837518,-0.269983842273853,-0.0274865966067917,1.22964339008282,-0.156507536129935,0.328057271427142,0.130963019410074,1.0,0
104758.0,-0.236962286627308,0.722949834028918,0.678020837299623,0.0390150391499464,0.348926153176626,-0.422023712905421,1.17288798884389,-0.329357364811909,1.30205416372995,-1.26905067619167,-0.199530049069315,-1.92983490418492,2.35589413250939,1.29091883773648,-1.4170414604728,-0.99455714718882,0.710338626474934,-0.0070817891776944,0.276891744305383,0.0512127083407003,0.10772096512095,0.761110541693714,-0.123836482826435,-0.0784432939966621,-0.0973132839519319,-0.1800809129198,0.145958938173347,0.17910796909673,85.21,0
81850.0,-1.26232901634535,-0.652188843796259,1.10980790728073,-2.02700602695291,-2.02436489473829,-0.196867191199948,-1.39283463123018,0.889584028998366,-1.77579375426776,0.233639787425909,-1.73565501501505,-0.467008540388896,1.09647907313117,-0.672203993333402,-0.924251817633221,0.134268822502805,0.564747246600338,0.29615113336847,-0.531411007167329,-0.545761803375582,-0.120151667973491,-0.13549764049318,0.114624512079357,-0.126354046901444,0.138977098155456,-0.319522564934321,-0.253194215374982,-0.309252152489036,60.0,0
141702.0,-1.40980652616211,-0.40968231856765,-1.22792535794305,-0.685953082900455,-0.7761273056702,0.239467509810273,2.87169976070673,0.0995487774530084,-0.857233478037348,-1.43588538209362,0.419055956796159,0.615316649196896,-0.418390236812532,0.980313357703912,-1.37628986902772,-0.371058717042177,-0.258322070332033,0.255182986088251,0.392984690279578,0.944824774551855,0.501221266995971,0.42241399652444,1.09526368247675,0.737640325172323,0.176403802680067,-0.0281917620051857,-0.212976924838222,0.134998652850126,558.99,0
43100.0,1.18217732193713,0.298649377525259,0.731977831258975,0.684876260661965,-0.454389843787817,-0.801831169217649,0.0688671837914569,-0.163319773172361,-0.16145899293063,-0.142466365307963,0.669111394052742,1.21461704669934,1.30069339255682,0.0806961990186252,1.1241544939797,-0.196641524457705,-0.0138482408201255,-1.30002382252949,-0.685152406714185,-0.0737139567424007,-0.18271347684894,-0.44147456238139,0.219433980905898,0.63124406556006,0.111066752980645,0.0876857149993116,-0.0045213835195085,0.0232112455584841,0.89,0
88069.0,0.127698862986085,0.984482602793018,-0.525287081873382,-0.741196072570505,1.15980424635533,-0.316518111682204,0.862076493119648,0.0535423062010467,-0.298162135230441,-0.665839089605077,0.710410986336754,0.51185135004037,0.0899611600502205,-0.86292825050714,-0.925530203793637,0.625452788330563,-0.0187207880441952,0.380936916186269,0.193545177400731,0.0455811844883622,-0.312606956238384,-0.77879831854563,0.0348237502864526,0.179837797725508,-0.400890703116194,0.116321453890308,0.219222592958712,0.070817748106803,1.29,0
55174.0,-0.540520343663192,-1.19601682938434,2.0556759056595,-0.461991682109051,-2.18960335235501,1.36033677213183,1.17634491957698,-0.767276241522591,0.444796298075474,0.702160911232356,-1.18790156323575,-0.950332158548871,0.227761909273193,-2.09196013475854,-0.726950518978459,0.350692148754012,0.486824554259578,-1.12329298977628,1.92758217845738,0.181632068793172,-0.106986775823859,0.745789702550416,-0.236089610544177,-0.0240064628770965,-0.0509714253015355,-0.123656978649966,-0.440648288298945,-0.643246844958979,400.0,0
139038.0,1.69028974943828,-0.818810114396485,-1.10820613631029,0.3069066210241,-0.512877943811146,-0.762859418830207,0.0913996217035493,-0.137601132962461,0.915247411886986,-0.0921461208778807,0.716829479635716,0.937460404909342,-0.868758719015296,0.472724708228394,-0.896188672496526,-0.291726865606204,-0.271656266609984,-0.0748223074540332,0.563033496756657,0.0374454846468346,-0.0214681163666415,-0.224271855220677,0.0854357216197199,0.0809920681713919,-0.188137718391309,-0.128316695285475,-0.0621469734858642,-0.0393264104683256,161.12,0
154577.0,0.236321756864961,0.978982267865569,-0.174626595233039,-0.195309533964891,1.00977475913921,-1.22228000138476,1.31929848563959,-0.575675316734055,-0.174134885382101,-0.889623716074725,-0.367602117197159,0.0303729967172153,0.857354324428489,-1.31106761322968,0.684112124006761,-0.0189230925743821,0.335380452306362,0.656593574217712,-0.0972181839361115,0.0733205304626513,0.233111539171749,0.990407821816196,-0.328503142418355,-0.157025491987197,-0.0528018533220367,-0.126401397566694,-0.0588266921659219,-0.128081106698217,15.0,0
63373.0,-0.806212049247073,1.28614093526749,2.13190321345919,2.42666020122708,0.527859741847686,0.491777543488194,0.629644974617515,0.006173784200252,-1.58427186971679,0.343816701817262,2.00040812206231,0.279711157572752,0.452570322065819,-1.18087844342788,0.734448805463828,0.45110552703695,0.541504194512024,0.724755310506078,-0.307684105616877,0.168620029592635,0.20429418545408,0.746959949327177,-0.377364512159605,0.161263077044756,0.144791599635789,0.266678894304801,-0.165011887004701,-0.135967012672392,39.62,0
59049.0,1.13901354830435,-1.09365074262002,-1.11898639004607,-2.00085227196201,0.0770472451892336,0.248145266711617,0.0300391382322533,-0.0482664921476089,-0.351830095824027,-0.0751657568515477,0.0572373101706723,0.490023837117717,0.227012738109323,0.658979100234328,0.961458172051897,-1.8293804012819,-0.412894581404317,1.47351774190521,0.575000930499187,-0.163609961534276,-0.631868364848144,-1.67073573431715,-0.198624608061691,-1.77480601170736,0.52863061986082,-0.862686475534227,0.0276549100722168,0.02263465271998,176.0,0
34462.0,1.15146686292127,0.323428789211144,-0.0451803133741195,1.12951947574584,0.0900708945716785,-0.514320291904088,0.322674309979643,-0.0226464592973387,-0.463992489494099,0.251869087439768,1.55073782189756,0.483574733320346,-1.17733801318899,1.00634713928739,0.293600609267815,-0.281161815251602,-0.16547914794601,-0.269874819590268,-0.449507992106816,-0.229800119340691,0.0892495806384424,0.233627593550801,-0.097568849752768,0.203214577094655,0.676569317149195,-0.278026460578821,-0.0051099187101135,-0.0009849331703837,11.95,0
146815.0,-1.75895412822667,-0.597370544890242,0.94771189070577,-0.665266029865748,2.37234051973313,-2.14959202445058,0.300245448645538,-0.469138686889147,0.059894084834429,-0.197396907531031,-0.70331409061091,0.646059402852391,0.94376638431866,-0.305176763769341,-0.648473998742804,-0.0581179203947363,-0.725688652184702,-0.980235280253027,-0.445491382219994,-0.194571347119904,-0.372253115277871,-0.605925517935106,-0.385666988884787,0.117985374109674,-0.242390715957508,0.0752228001630187,0.241263733391753,-0.118639560228387,7.48,0
116549.0,-0.718133434855935,-0.31974690871487,-2.37628636224286,0.18790787860257,-3.72029039477774,2.21994137964202,4.27808259633327,-0.318635362743822,0.346211437967505,-2.00195476925568,-1.38840176954327,0.23671164985083,0.829611724984522,-1.70804866805924,-1.64666045928939,0.332207226161507,0.750627660541808,0.375558377348549,-0.304223371517812,-0.0594213314118077,0.239854971877195,1.13432622222981,0.675859269516536,0.624048971164698,-0.223916338833562,0.666672056787826,0.187812059102515,-0.271796102865328,999.0,0
141383.0,2.156488477688,-0.915389730949873,-1.53434942369324,-0.443889073015736,-0.267340673313317,0.0209978571371136,-0.605560000981185,0.0439017575912269,-0.192960756991186,1.0563429393708,-0.425901977599172,-0.362268202850651,-1.54570795843955,0.403053963388777,-1.24379106204158,-1.56926235882442,-0.148254410238529,1.71007627639068,-0.119761837476385,-0.683944822270587,-0.241099549968697,-0.0795182714647895,0.0560756329468581,0.193312782151328,0.0925862121559988,0.711909808580575,-0.0643952097037228,-0.0781382278960097,11.5,0
61466.0,1.24282302983082,-0.325079346280802,-0.95168031743807,-0.913195265312686,1.74897394322405,3.32133525488231,-0.706077834208394,0.846287833456141,0.196406232789289,-0.133274409890693,0.0047988102070354,0.101488374084271,0.113220130730468,0.30348802795129,1.44462753590103,0.765558920045514,-0.921603003643888,0.0121974188011844,0.320969830165752,0.122485292621402,-0.263622438607486,-1.00829951140405,0.0921198083792687,1.01461810425493,0.22185405411513,0.424244413079904,-0.0462843516543239,0.0182079589976142,41.5,0
164422.0,-1.91587820087939,2.50201727184939,-1.98853526481522,-0.614404840963769,-0.50308408654473,-0.871443268010258,-0.478247816103959,1.59528654779339,-0.463069295303591,-0.108021244344101,0.0602447864659289,1.58940148368686,0.959977342627861,1.50928831043192,-0.363746079212326,0.196392736144979,-0.206203882502258,0.709215405920886,0.291373900191826,-0.0115670886493226,0.48971612426369,1.35645447830248,0.0559851186092336,-0.421965117885868,-0.506943053642928,-0.188719005122894,0.3266156273171,0.241851764971991,0.89,0
64538.0,1.28788791042602,-0.338170654843824,-0.853422981802517,-1.0688831726646,1.66231667453492,3.34227954913785,-0.841613945778128,0.871857419917663,0.247239740158428,-0.114420033931124,0.0013154184434379,0.0670761303916603,0.140538774322178,0.221340744170677,1.46222682417783,0.863597890893692,-0.919065008490485,0.0171582658251199,0.32778905337802,0.0970360716600814,-0.237722344141494,-0.882659589410131,0.105775063707269,1.0371831968293,0.164506922363909,0.802174533025028,-0.062744527997336,0.0107888274833412,20.56,0
64838.0,-1.0432581223942,0.620813656828058,1.87762917403829,0.522973214901856,-0.487138927389333,0.0852168016471609,-0.0409532225586345,-0.059856827149713,0.643296323944754,0.0894148066313962,-1.09737054522668,0.117136693654212,0.388178486939636,-0.71769422827746,0.355905356608681,-0.155461181651378,-0.129285426167248,0.0729586400007392,0.942400177799635,-0.159601601527574,0.0476414140819502,0.291211196043439,0.121145808060537,0.0825196696556816,-0.636099541492515,0.277300103508016,-0.49202913302096,0.241602263209206,11.5,0
136261.0,0.878862101442646,-2.76903640811892,-1.32946298455912,1.00490424636127,-1.46324796586201,0.156821468927667,-0.147516300065196,0.0592326898431166,-0.113771585010125,0.974775625749033,-0.313600160243682,-0.951879708576586,-2.60108096551506,0.837875515678903,-0.09408336730484,-0.886429469345805,-0.476606545285335,2.33182308790714,-1.06557577939526,0.395656469278216,0.0476351644368473,-0.773335986013499,-0.290858349231129,-0.589672359771349,-0.484990956734608,-0.716089756124203,-0.0675395019421734,0.0547330040957356,616.0,0
67925.0,-2.65112035136067,-0.106972483313366,0.654373523623542,-1.32709996304897,-1.83246149727953,-0.305775165709681,-1.00031662586499,1.34430979404925,0.627679277268697,-1.87164039314946,0.427539672956596,1.09931730432144,-0.301042074847909,0.901839460766881,0.944425566030856,-0.0257945772178393,0.361145990796349,1.23252251762177,1.98141263175236,-0.335587989295841,0.30619033168874,0.624738652876382,-0.434993469367733,0.102516804287055,0.316085059821718,0.230448013467664,-0.335010204449245,-0.437815283882022,105.0,0
56255.0,-5.49183015692739,2.86989610231091,0.973558155205304,2.94846076920788,-0.919680040581673,3.56237785204064,-5.01246401248044,-12.2137344183317,0.677663500711867,1.96311053327502,0.255740889337298,1.56586838863714,-0.262745832723164,-0.24687625551446,-1.03408325611751,0.0787805076822636,0.905675453037998,0.680415910923269,1.25440489596881,-2.52199594701721,7.56913648578894,-2.20093791865844,-2.04008925468281,0.142526302026234,-0.224825299332004,0.51714636881549,0.973640168654758,-0.216284954770738,380.33,0
130230.0,0.0356484774900841,0.88851467075848,0.829094009811821,1.08314426044455,-0.114172123969737,-0.516145245656046,1.10212418657717,-0.326569228133355,0.271371539727345,0.330692484170803,-0.641686888484862,-0.0714800340028701,-0.627439432836797,0.004066221157953,0.145145561912061,-0.650808320743993,-0.0821588340134441,-0.563416183777292,0.528654918162836,0.0284746381230537,-0.334787051928255,-0.570410472816962,0.47815355486535,0.29150416900006,-1.75398562661219,-1.25140746092069,0.326714804717249,0.128101837319844,65.7,0
80282.0,-3.99166755834909,1.06302397167498,-1.08867629002273,-2.6071324259243,-1.15333556553402,0.227053300154115,-1.25701269463896,2.46891135586785,0.574038231121777,-2.15858773449794,0.0481041426325333,1.87264108213952,0.784904761185914,1.44158571411455,1.95769629346383,-0.717454484640899,1.37150714069792,-1.92052931271011,-1.82771464360166,-0.541645457159706,0.209747527638822,0.427253981061639,0.287363404578099,-0.907689156048419,-0.123301669669546,-0.217030672403776,-0.114404742031113,-0.324744579806887,6.0,0
36010.0,0.844384512131546,-0.558780404714313,1.6619151479069,1.89480133483981,-1.21070485005522,0.719341972874231,-0.72165500024297,0.302124309969741,1.38236639041201,-0.502472832168197,-0.742813283090691,1.53120312881146,0.692386334375468,-1.11399856658348,-1.5757767593234,-1.04473726316459,0.716329186896782,-1.08793560225081,-0.233021788932052,0.0483268533370508,-0.0645193025464453,0.160675498816088,-0.0781412033163426,0.459085614397231,0.41913766211779,-0.326205079651996,0.103122493218741,0.0557772872968307,108.0,0
155321.0,-0.764815837965756,-0.742784254301709,1.40013960229832,-1.77959766915869,-3.1984335714466,1.11596202077485,1.58458961928491,-0.29577696969336,-0.558731294059037,-0.447707404230901,-1.11466391939745,0.0184409921311838,1.69523820785554,-1.06371885294931,0.38104796736636,-0.542526822219828,-0.630096917206569,1.64329113983475,-1.14523164227957,-0.293866159743481,-0.101188708880983,0.383180357696618,0.340496231613844,0.0608806419737316,-0.778447477998495,1.21258439996717,0.199594491135585,0.0448146577130144,519.9,0
134795.0,2.00081735854643,-0.0632020326615477,-0.701252395750692,0.63067535077045,-0.62704041645203,-1.73812397133113,0.165281521667228,-0.36072692255561,0.563694420502742,0.0885569804673992,-0.0367559766907645,0.440791543574181,-0.641945947693966,0.438108392309114,0.0349410621944892,-0.339773277993654,0.0676973609259712,-1.09352540749438,-0.186187667134259,-0.290378195683143,-0.237465655268649,-0.579291237750559,0.457914315839817,0.915979628345246,-0.435731639925772,0.142538853963339,-0.0729850567801593,-0.052225605033465,0.89,0
50537.0,-1.38878835734918,1.16501433364894,1.45732676882849,1.34878585969078,-0.199836657236968,0.127847229892379,0.975985515482655,-0.313510700341844,-0.198106763578528,0.262197152890057,-0.11584351408622,0.607658994357234,0.594073005157319,-0.340913460244872,0.23973190872671,-1.35204115628757,0.658352403467093,-0.938489257441189,0.720349985565964,-0.365739853627699,0.0019732286824793,0.365624026534651,-0.049105517239748,0.449572793498532,0.0858802779207954,-0.270498447669998,-0.498565996926052,0.0461841070626478,79.9,0
133580.0,-0.0426083281336797,0.664882954142452,-0.821728038653931,-1.30133306071318,1.33416598543103,-1.05666483140235,1.41085393025349,-0.43309602456502,0.325645018890908,-0.979470250902239,-1.17795822215661,0.659312217740484,0.610234619240771,0.234045631955861,-0.649351654717293,-1.13807616101264,-0.323968342858102,-0.342052670936024,0.46364231601252,-0.20375537293866,0.19160126188525,0.808351354045746,0.0234042265411717,0.616858167068814,-0.582899315190179,-0.879502523250853,0.163477665461812,0.259936057249868,7.87,0
129033.0,0.0454106547422777,0.334461238104288,1.25793353832601,0.538379157903369,-0.0864607216638349,0.934274066596103,-0.430330150064077,0.395461874252295,0.259470200613042,-0.0250406708854625,0.0664804548365986,-0.404508434428077,-1.24298042179877,0.335160726477214,1.31115809160123,-0.58575468651239,0.161660491572955,1.51463025329643,3.15103078401014,0.213704575858358,0.262014697792832,0.917505191738037,-0.253433625550168,0.233294340887223,-0.509222786014971,0.542837608909808,0.210613813138002,0.163773056682752,1.0,0
56736.0,1.17438602790869,-1.03813785151581,0.595702949626539,-1.35497205128364,-1.5629653980555,-0.724688859754065,-0.655192136244464,0.0018188793818015,0.395562309239326,-0.160031364783177,1.08039660451802,1.05916950106396,-0.540057098808522,0.146249443690254,-0.215725669686131,-2.1990208609229,0.254295331712861,1.43743748330748,0.38778370551536,-0.432873755427905,-0.588503227135812,-1.19339809257483,0.107427700820472,0.461533685222689,0.269580956945951,-0.946531734021851,0.0784833475987061,0.0376354180848862,75.0,0
56193.0,0.0859475488962706,-2.22139301360832,-0.566130907615782,-0.878722936380838,-1.34815317842905,-1.04825682448277,0.743106155951258,-0.347648601317837,1.17010017350737,-1.33291382054037,0.349915897431861,0.585305194304618,-0.34416664534765,0.618067152824502,2.03213558942736,-0.84638567547882,0.308007346383525,-0.460786573977238,0.0104223498586192,1.09441859587306,0.477135069231751,0.138775574794855,-0.592983898469732,0.483905186494388,0.298760454138362,0.0214423848347325,-0.105553921435541,0.115467929093252,616.5,0
120096.0,1.92834273219774,-0.664536438873134,-0.297111726513766,0.0373773921011958,-0.522639248330318,0.422118292416422,-0.905659133325704,0.180959768478939,1.07464247139694,0.11243979496132,0.0418342139125315,1.10923111594524,1.06310760406879,-0.334117920761173,0.0605578140236269,1.12388417572467,-1.29740894089767,0.764619359354131,0.344515282465007,-0.0060358265166768,0.0506660839623951,0.223784133740611,0.138460994745388,-0.986795808168651,-0.480907057243027,0.518487807346399,-0.0195235422963883,-0.049868551147629,47.85,0
127585.0,-0.732514771833732,-0.706904177664721,0.212512929655386,-0.470884655167251,2.9661243335644,3.85383767824099,-1.00492384924197,1.3212030062259,0.332904922519575,-0.491376992462152,-0.443622932390075,0.0830689832772944,-0.0887044334680764,-0.0934293980712777,0.680551095534755,0.477892660929458,-0.935504922016653,0.324015621710061,-0.93274414719751,0.196757351646952,0.218454099111216,0.281266556685175,0.281679678862406,0.64470066851436,-0.450343735496645,-0.791625759423226,0.134564241321043,0.102212332116813,45.0,0
20597.0,1.17092776072297,-0.39261631157676,1.12462781522552,-0.570575775576817,-1.28205664414877,-0.59099720983473,-0.821427733742064,0.0776473604833156,2.99184553720579,-1.25578741930246,2.20934807770406,-1.57290421757806,0.421020692674109,1.70796689154129,-0.0630442839776278,-0.283563010882962,0.47154443557643,1.02227045312607,0.569286859585739,-0.210308456153013,-0.103371388332551,0.0855173891978552,-0.008037328502879,0.470112944342124,0.379980014856435,-0.752861252229532,0.0543886242719691,0.0203816440040071,11.85,0
124667.0,2.03596028268851,-0.326832041092338,-0.968594907717903,0.175302789322471,-0.118438194316063,-0.354099946130953,-0.279129485921766,-0.102456815789266,0.88615959481222,0.0267171659894351,-1.10989807289447,0.252258558987221,0.257576273587356,-0.0132325171264278,0.375797265039757,0.267249447005448,-0.548788558987199,-0.263483300409113,0.0419919959072709,-0.125276954476834,-0.0345333420128521,0.0015906173200672,0.216463937896929,0.515494692230378,-0.229639012920355,0.519523273486903,-0.0627735832671385,-0.0490206667370928,20.85,0
130347.0,-0.298781949994597,-0.484907180743316,-1.35490989257965,-2.46055744484408,0.364005760581203,-0.459951505824355,2.24956874254452,-0.454362334686858,0.651956972415043,-1.77352636268224,-1.41160843277909,0.551962154261981,0.873663551029294,0.237050180202419,0.0781898495973555,-0.84009640644708,-0.515674904016089,-0.10901319052215,1.05055327473323,0.634234860143304,0.203398944676778,0.217517398596635,0.741625626200519,0.0436321978868049,-0.752083736213633,-0.533284611811411,0.141004657321098,0.288943293248226,324.25,0
58693.0,1.42521008055406,-1.05376601624661,0.94633106657945,-1.3870373060188,-1.7814947906913,-0.570308691252727,-1.25146733960228,-0.084136456045482,-2.06621908811894,1.55373360314645,1.587563237625,0.538287224360236,1.76199752822424,-0.544529479980238,-0.0168609814031902,-0.0729410741263114,0.123883065605111,0.578105993740696,-0.240931718956903,-0.214675032307014,0.0248371763787916,0.493129540571385,-0.0111841265070997,0.563438571297691,0.323448835983717,-0.138504729632588,0.0552187921123897,0.0234345586404171,21.0,0
80463.0,-0.920234665016026,0.372305664733881,0.918590058263803,0.139134388786336,-1.90129215843676,0.11010811248461,0.926600330285639,0.209762851486246,-1.2666582859395,-0.0791567649128303,-1.36756966048013,-0.471619348672319,-0.575279464692885,0.153614939084204,-0.499161851768639,-1.72682416092149,0.406386261067862,1.14380359995552,-0.573768540742137,-0.635368965368218,-0.451351326095765,-0.850039301506869,0.14406271927252,0.312600481923159,0.0584027813134061,-0.499558250424741,-0.0470067391517317,-0.0698456631257616,259.64,0
125565.0,1.64468821758071,-0.774416707556672,0.217313965635597,1.41388176245831,-1.18849387135689,-0.178676129499681,-0.811681461797007,0.116686394470562,1.26487335745422,0.158376858300832,-0.929174524013191,-0.113352411539944,-0.367834846335962,-0.0298684688095419,1.53242516551191,0.957987515858713,-0.963653868202265,0.744161530961384,-1.13820733901201,0.0064547546875732,0.368402097024861,0.8366407386944,0.105226069020752,-0.0531109476155789,-0.437648579126744,-0.623117038806984,0.0602249746615661,0.006611390633179,145.8,0
116882.0,-0.275885528464917,0.473612151484803,0.0989292734114531,0.664427716555279,0.830345663560649,0.251712403663684,0.555306843328077,0.26444163305025,0.329635657744306,-0.948623920951779,0.116273221283367,0.114549442088969,-1.44051058896704,-1.22258802352523,-2.32200829317504,-0.170729084915549,0.679929791364664,1.12133551258855,-0.252971304686436,-0.122106738065743,0.419554731682766,1.41235807128319,-0.128652624214919,0.622889206611724,-0.468476586384719,-0.471020594969927,0.278907524270541,0.274643418270287,50.13,0
160555.0,-0.41006390149075,0.374344414435462,-1.25915311064929,-0.6662695464957,2.55521073909883,0.610124539393209,1.08526043660897,0.264282876478601,-0.739905742045562,-1.20985662695485,0.25729508149545,-0.382292030410767,-0.654334903981915,-0.490263005295695,1.25351181415672,-1.07004734910235,1.74592332994001,-1.74392445968484,-1.84371893387372,-0.0177972504593947,0.209243901750234,0.494330006625838,0.0293116645019602,-0.847193731538549,0.109374951478926,0.714411681037317,-0.0698497248157492,-0.0297986689617323,61.64,0
113632.0,2.11261449970123,-0.0808687805646338,-1.86151677614674,-0.181722982037588,0.798182170635966,0.0100244623989944,0.0632960071184285,-0.0998324511640229,0.512025794684808,0.0611598359067731,0.0757117173748686,0.817715964730215,0.500569398964866,0.539925544073394,0.238899051175973,0.22146771469602,-1.20252671135009,0.90800966129837,0.499108479346022,-0.159549010170959,0.251072277706395,0.857430190297906,-0.132765007974408,-0.317083893979951,0.474076831856784,-0.40770001164798,0.0006600210226499,-0.0669843052866213,1.0,0
61911.0,-1.97605802908249,-1.69302842851859,2.40530423931532,0.267945202730382,1.00789152027273,-1.24406040710102,-1.1375120504024,0.508462824223839,0.823004241453201,-0.783908634388504,-0.841199882203155,-0.484677982670378,-1.95107541730759,-0.0459223234206771,-0.0739501374773154,0.0293861650938331,0.0394059941095348,-0.410840424539575,-1.20258724052041,0.264302055120787,0.227424347579831,0.0932249782594523,0.464260333256353,0.35867029147667,-0.493991948602075,0.102003021248455,0.0444912641314152,0.183523846804161,50.0,0
37103.0,-0.359520469976661,0.861823822545781,1.4185981854146,0.52493566922846,0.154071983365615,-0.671359298762811,0.525122313199075,-0.0043714486730921,-0.605069148407255,-0.549838893168223,0.282058620101255,0.0286545331002062,0.0102112279693698,-0.243289122988154,1.43691567369026,-0.278394624088971,0.641508737582329,-0.565226160579628,0.123530007107365,0.0532529714934728,-0.0953702321451719,-0.295101955068357,0.16391916180355,0.359836913421629,-0.84522295751648,0.0973663713333716,0.146454837138423,0.177445126324705,10.75,0
136466.0,-3.1077523224509,-3.3931074808059,0.922106147090995,0.250151125827052,2.40401885674661,-1.01550562973708,-0.49457757216649,0.246880731422227,-1.31265916583753,0.0340386548633265,-2.14730422764837,-0.919083561705665,-0.174642254077623,0.159005946868316,0.0949036814526025,-1.27988420968105,-0.485369593779322,1.90018682225613,-0.871124767039061,0.963486999734059,0.0068766407547562,-0.975164179188607,0.879493405247424,-0.105481802143753,1.03279550593677,-0.551336880099448,-0.142340112058532,0.147457565474412,320.0,0
32446.0,-0.298325730503773,1.14326461604369,-0.244273835038021,1.03891552973049,-0.252524457299347,-1.06371533538399,0.917906316482852,0.163593941820656,-0.642722237467072,-0.0778600247456636,-0.783312525480553,-0.203377298326026,-0.518080246289676,0.931701452090374,0.695053402200032,-0.388834148841029,0.045825837428257,0.0220534712672532,0.362188905693688,0.0893489742566767,0.220165042615703,0.545474145428751,0.27831076420104,0.369111911134596,-0.670484202357815,-0.413600532434307,0.280646350351375,0.173457556602086,89.99,0
55862.0,-1.00128974502813,1.1058113921832,1.70933649634526,1.90325206849134,0.334220747026054,-0.453034448083674,1.18610667495667,-0.0399639412261348,-1.05071136520666,-0.894718520073623,-0.399686461233878,0.272534927880674,0.686652907232587,-1.86315563219183,-1.60021493025923,0.598744177304459,0.656840429931243,-0.0467942217447796,-1.62483969880836,0.137584929255045,0.0265347401584029,0.0289904354898144,-0.056917006498486,0.61390380857716,0.370405862084454,-0.110117970159764,0.0489126424479162,0.141827689181175,100.0,0
134504.0,-2.37850762977633,3.08151399584925,0.309633227104278,4.36987325943507,-0.705522947340961,2.19610006853522,-3.16691187516839,-4.02636096617961,-1.92946818395792,0.653563855725404,-1.95873721939418,-0.07160170313348,-0.146936192468584,1.10888868041095,0.514974179088334,0.629900748317794,0.601041064313407,0.775566198079549,0.727388698965774,1.44010065625347,-2.21355394750603,1.64534919581595,0.322585593322637,0.548418929519857,-0.434562196124769,0.462898827746895,-0.0090227345977086,0.241973945940077,0.0,0
152261.0,1.89638650467176,1.18743007582252,-1.77402144958058,3.95124487673622,1.27259395027052,-0.20951164381358,0.404839501863586,-0.0442744344578261,-1.41593748013957,0.458632656163985,1.05099088431867,0.233935550327485,0.486629948760328,-2.46534718568126,-1.343669335292,1.96801156127316,0.954820067991447,0.959067497757513,-1.27805253034299,-0.152303393089279,-0.397534350858633,-1.11015783694728,0.234656036870535,-0.793786451417615,-0.199524261908165,-0.333517426902594,-0.0032955287676383,0.0041781385787719,4.37,0
167068.0,1.68074777045386,-0.913046339234674,-0.755746411668117,-0.0278275826529726,0.0619682308440244,1.38693256776167,-0.766650134905578,0.449545077106327,0.781575575215496,0.0377296459985154,1.03083820609797,1.16750591844874,0.544323772723252,0.110357175553745,0.957187086228141,0.0365346646564603,-0.313026332270213,-0.609257070840101,-0.954433844997952,-0.0078026960675404,0.336926032093263,0.966773862671834,0.0882949188977923,-1.56261799236097,-0.537704213241679,0.751254378847949,-0.0080013803098531,-0.0564547009538641,113.1,0
144168.0,-1.65789465659616,-0.961837893401048,0.279562185538041,-2.93638825527582,-2.19265863226733,3.80580782736919,3.31193586975065,-0.154499276041061,-0.78662216074772,-0.725211773666489,0.579668833211792,-1.01085511113959,-1.24881369750403,-0.618455845956255,-0.925076483552878,1.18942784392757,0.046811447945194,-2.28646608032419,-0.767992493941476,-0.540079625083046,-0.401772470869065,-0.511266620737179,-0.0248602267888289,-0.967639396788209,0.328008216519105,-0.569158557359539,0.104919659109578,-0.414437738560091,774.36,0
149615.0,-0.573725023876096,0.587864961499142,-0.0646974525453012,-0.668310804153811,1.16141440962207,-0.874648714549968,1.04911349619459,-0.316849048401938,-0.0533768467177143,-0.483815673449491,-1.04809253856702,-0.0153599386950601,-0.0798387436962593,0.287670824862735,0.0094029282617569,-0.66788598525327,-0.20610314825894,-0.416327654827873,0.749089719056852,-0.207239089340563,-0.0457833593722318,-0.0022711486280948,0.131043958113211,0.679102960569154,-0.381446471657262,-0.135036391520079,-0.0882546123568272,0.201816251858481,1.0,0
138121.0,-2.16318922399138,0.0998711843724621,-1.52173227169644,-2.85098654382618,1.29583525826281,-1.40442978141548,0.695522667014623,0.238905764055202,-2.06884881929981,-0.820164508653977,-1.71886333585459,0.382955131810887,1.58411250437161,0.828817286197197,-0.687278348598271,-2.04851643071197,0.13369984483324,0.776465667820102,-0.577873254514203,-0.526895565424329,0.0077482355404159,0.0472167464481965,-0.874736231768011,0.174984632423714,1.52751099091151,1.08270412920009,-0.650784606585205,-0.147673558055502,1.0,0
134438.0,2.2457286406002,-1.68156921495112,-0.652503086758805,-1.72816966439232,-1.33408103177708,0.359472568157949,-1.73515034124154,0.179796376322263,-0.896606869509628,1.69487172637049,-0.0448796635510365,-0.565130252801542,0.0044771717992376,-0.523919515898959,-0.685678373699784,0.0219365637724433,-0.0087014774133618,1.0806248759762,0.164723216942387,-0.393289909761126,0.0581070726578422,0.65921548764987,0.119338122609862,0.191297822428505,-0.17160091516427,-0.0082282795538699,0.0315209584301779,-0.0502180150672865,23.2,0
41567.0,1.16095727385785,0.171457078628455,0.595613883105543,0.500962619026991,-0.318507140245788,-0.310598676570972,-0.102812340623186,0.0568384799249414,-0.259815311427324,0.0536234037373016,1.91756368892252,1.30712516756268,0.356528475957675,0.440184251027081,0.548392365605659,0.138656711224378,-0.331603824483802,-0.58486818363598,-0.265751725375973,-0.109932195242747,-0.162914118084275,-0.464824270314873,0.177037545946656,0.22385531337522,0.0936206808398034,0.0936264031308895,-0.0148410066527963,0.0078020350648357,1.29,0
167744.0,2.10289429422815,-0.798483937575231,-1.74732742501318,-0.66074193143804,0.127614831843601,0.160587479861532,-0.38580016525603,-0.074529769694026,-0.532820656928693,0.918861507752467,-0.0766029029233334,0.48213169738373,0.565102582760816,0.320067506146399,-0.195942783122617,-1.37873101964425,-0.722055793382521,2.06711762387221,-0.425710548953837,-0.484320547458238,-0.028297340442128,0.446964961244866,-0.092346219877034,-0.192626903372992,0.299668861891156,-0.0177911760841461,-0.0009401791673518,-0.0581807037311346,50.0,0
66277.0,1.073423760205,-0.800938967996639,0.757478795582375,-1.31965222421256,-0.563767252046553,1.26487874552522,-1.00105545875334,0.607904087843047,2.22028526246727,-1.46262460766792,0.234085503994935,1.10177161560976,-0.638589887528719,-0.229802587934772,1.42876562079903,-2.11282672742354,1.52908043826963,-2.21404246807869,-0.415714877767678,-0.276855211174816,-0.0788991606549805,0.27934783157848,0.139182034871538,-0.927608817640552,0.0844309076972421,0.0472484501968912,0.118772405929383,0.0068512133405261,1.0,0
67415.0,-0.631448084530199,1.40569131396786,0.588328868448401,-0.0983855247357529,0.181322872533605,-0.526241927126009,0.418335063951276,0.356484144949658,-0.639694518382461,-0.765183705323763,-0.96161538628674,0.264485871818905,1.1960204428547,-0.335892277716888,0.821207966623422,0.709814483314609,-0.178285628238744,0.0694542982892242,0.212849002161137,0.102742203352959,-0.262443980470989,-0.784094760162464,-0.0566925040445008,-0.48480174650654,0.0079606383164525,0.123251425832903,0.122398734238885,0.0294007218072363,10.99,0
45087.0,-1.30222224644803,1.57564897303588,1.2394718708185,0.339071424140396,0.118983974427318,-0.786299314717295,0.942507816753437,-0.396544624489287,-0.147008682123922,0.390398386606971,-0.477618496369927,-0.131769324940187,0.0207267977184399,-0.028195926519301,0.756114120858868,-0.204567986476219,-0.481960717234948,-0.0397529024317674,-0.149629220101603,-0.130749353154574,0.166137208728216,0.399378384971597,-0.286195884518063,0.394373663187343,0.0520647882140545,-0.509550794421968,-1.16598792136002,-0.380092341890854,7.79,0
4428.0,0.990523234225079,-1.86077649434733,-0.547456361159293,-1.14020360138031,-0.927959956701694,0.104119774421911,-0.498070927873529,-0.252858438460068,-0.75223187577049,1.04696090306184,0.897446834923632,-2.93780348356733,2.18637381019935,1.26201119816406,-1.70698413611744,-0.436004034950858,0.939498165646848,0.882650243969592,0.482079056086277,0.270487026388893,-0.201944766663799,-0.527409652865199,-0.496263926481171,-0.86008905394653,0.671890719908412,-0.0802103364231428,-0.0724572968046783,0.0335084440591834,315.5,0
48218.0,-1.38669046093124,0.489603863016986,1.08643258820344,1.16608806186266,0.219736231032538,-0.917887025452932,0.294334991119544,0.0595844283852255,-0.47309274748581,0.0004459968816615,0.0988222625370329,0.107325688761216,-0.277606635358718,0.517354807167798,1.32707395976433,-0.697543515041037,0.351131067220996,-0.501162115303503,-0.105443508509201,-0.238764038855102,0.202102657324821,0.639817795652879,-0.344109339574097,0.651791536901979,-0.502044093928922,-0.392536294846882,-0.235193365859634,-0.267911095427125,26.48,0
46468.0,1.15208790764174,0.0124497400546024,1.29744953454871,1.33730507630248,-0.92648874831599,-0.185142808526556,-0.517131035530198,0.055628467566156,0.797340686164015,-0.220332130281949,-0.683647348376162,0.813022958569801,0.655242573338154,-0.483242300880977,0.110185245232672,0.0487269515805101,-0.28342410249645,-0.138824246579061,-0.215974196238453,-0.0929091106638449,-0.0548668318462403,0.0773220171095565,-0.0121669900323044,0.41307211533075,0.435738337572546,-0.411414745934993,0.0764200838722855,0.0397871821438698,9.99,0
10420.0,1.19379359564407,0.0264441804374349,0.844983265827602,0.0845012437482332,-0.728538309063411,-0.757128994026362,-0.33510064770344,-0.151166571611177,1.3177305853278,-0.440019673694592,2.70133943270543,-1.22095060430481,2.22540210856848,1.66360812323679,-0.262534619298556,0.488583155570465,0.1603119651418,0.215803538883652,0.0276516076515118,-0.030536126035537,-0.201515285171385,-0.370881051848629,0.0981393658532345,0.541154048792415,0.049389600061075,0.832383549479659,-0.100654578526976,-0.0007607078962681,20.57,0
141300.0,1.98697206434226,-1.3096836134178,-0.195104677041196,-0.859319549485142,-1.24973615417031,0.008557928543776,-1.27323201812146,0.0206982067780084,0.266470134175734,0.617263704247972,-0.829156515246424,0.0328415715299273,1.48023664908967,-0.941319695696539,0.447185684664151,1.56957569848191,-0.18401776106346,-0.986085083281484,0.385304742246627,0.261373526704476,0.306043602464428,0.772841396694257,0.184643328802052,0.621718695408878,-0.398280010040591,-0.267794923955712,0.0259890711856481,-0.0118253636331276,97.44,0
179.0,-0.431091691864319,0.890751790096124,1.72054284650876,-0.238246455182136,0.273262886790457,-0.970190618616908,1.24991037618054,-0.48367608591831,-0.871156531752796,-0.34568909971149,-0.0093603773592827,0.168270519674582,0.715169146085506,0.0178959375398126,1.03167394989099,-0.380192799690851,-0.0434599612611935,-0.857500149283869,1.16742233748176,0.290504853232492,-0.412643827424996,-1.11200492344479,-0.0576836791434496,0.430112171429807,-0.0632502615932806,0.723811360988256,-0.210696830101016,-0.161057644023526,27.99,0
100850.0,2.2627221057945,-0.438664144296513,-2.23045012088184,-1.02160348988404,0.534812554488921,-0.708837713155563,0.0070413119369244,-0.419827327694808,0.0783081646896185,0.717413447701998,1.67274914998624,-2.67798604233208,1.61074053855171,1.98643193764079,-1.37842198086273,0.702569310204487,0.710655846166477,-0.837196900828603,0.850763485195356,-0.0486572938879714,0.219694985504286,0.822617634826996,-0.0843480760718494,0.221351407426365,0.457175479629438,0.020867711520487,-0.112942613769838,-0.0953504367615036,15.95,0
113374.0,1.37887206088853,-0.445124486981928,-0.238040985135324,3.85116744413841,-0.069163521045999,0.84520481058444,-0.0654199682374762,0.0862757349187302,-0.581336445154906,1.21030809914081,-1.34920979227382,0.247699274420706,1.20065554839814,-0.311520268264629,-0.384001202636951,1.45036123227063,-1.16279075869107,-0.223589527134163,-1.58286900520518,0.370431213343842,-0.0161092007208521,-0.632300203982575,0.173483285607569,0.424511434865983,-0.568285510522454,-0.400500290063264,-0.0368658827179359,0.0287368482220328,274.28,0
10982.0,1.32543717587321,-0.080302205760466,0.320214773361922,0.200812602722273,-0.307786467592154,-0.244611269232555,-0.319094580643045,-0.152090861948434,2.14508259678579,-0.725939373979001,-0.527374596304699,-2.37773305188894,1.58933359532195,1.18189310386259,-0.964123899306989,-0.145339063952192,0.626669151265376,-0.15379292427736,0.57344101538887,-0.116349036968571,-0.323147833389555,-0.43433941759175,-0.148358940607743,-0.418920721519698,0.5275560848876,1.12596528458908,-0.0953862517945035,-0.0155484846403089,4.9,0
66455.0,-0.958381942362022,1.11701886701456,2.13284787112222,0.55861327807702,-0.239070870962935,0.117463980670289,0.191809565432461,0.320230451161322,-0.285536815805031,0.269385698909406,0.849124651191293,0.0092955029258947,-0.735790821439197,0.286126083446652,0.961633351857074,0.414279562421891,-0.646528808395247,0.98671357839875,0.757714738605614,0.292341045182646,-0.062602356058316,-0.0675710006294848,-0.214541570666578,-0.0393381010009304,0.257221432625459,-0.349360892469792,0.454138565216121,0.197856385137925,10.99,0
165549.0,-1.00639045623323,1.03348932080146,0.565226273904451,-0.805697946400636,0.692072415348225,-1.24117307801251,1.10288289313878,-0.397980209348354,0.520071271972463,0.454733938556946,-0.936228606868161,-0.418933345708305,-0.855282730632975,-0.0752682215443639,-0.23187099147425,-0.231631981175573,-0.467323218401698,-0.703327150736916,-0.0497971772136198,0.159672443423421,-0.382029822513075,-0.63588788846834,-0.122017442018729,0.0272494454195029,-0.394659985407905,0.130768604852152,0.27720957826635,0.124278151576977,4.49,0
120406.0,-1.10098569565104,1.54617471797326,0.907250010318427,-1.41631226439125,0.945016527776177,-0.283677722911549,1.4148041518787,-1.03423598892387,2.31383173956796,1.46547945721965,-0.454052734152925,-0.355250567800346,0.55784853223222,-3.08710916819357,0.684903959095272,0.190251534731381,-0.44894315909707,0.211719980344889,-0.301243107249239,1.07949655817244,-0.676583472069198,-0.651489209200293,-0.262956013299428,-0.856327938019887,0.032172470937461,-0.355590399513192,-0.276585285550669,-0.718821407099969,0.77,0
156744.0,-0.641237364982679,0.765782634056568,-1.32602978488233,-0.461120081643273,1.22621430800067,0.578584106798042,0.187741650649301,0.798661018520343,-0.0800406141511045,-0.808352756631529,0.85332385733101,-0.153631542358249,-1.46845902788659,-0.0133275932414643,0.946975035328946,-0.273230629922492,1.02719410155572,0.270346327436522,-0.730748848369,-0.212096931236158,0.40292120179633,1.19450267366672,-0.0946964402164058,-1.73543994582753,-0.513962280105,-0.0335581443832476,0.169268275179999,0.0877016584232658,29.39,0
47825.0,-5.27550288246488,1.93284341311543,-0.324389816171155,-1.03882841851669,0.674578030218118,1.52474536452916,-1.45710925082147,-9.39134233513958,0.97648961023926,1.68097474135406,0.543212378240961,0.850815468084234,-0.0054962987625531,-0.192955922329561,-0.184548827792491,0.919121624259539,-0.940686052041561,4.87407173460274e-05,0.313328046435815,-2.97022670729763,7.33334874175718,-4.13438649499753,1.29952130566565,-0.9796222380197,0.134774922002172,-0.142504723566449,-0.378701429814844,-0.635827676597763,65.9,0
59142.0,-0.699172190281091,1.41356129478191,0.879628108465143,0.89871980996718,-0.133069485107271,-0.846171449319244,0.493311343671746,0.266556782406442,-0.811539124014131,-0.268763421796004,-0.543223118816535,0.406956549223033,0.769195400273294,0.493982595873751,0.906914941422488,-0.243438718965347,-0.0598724920051725,0.0602368373581869,0.386950492350312,0.100647783828019,0.168358801973233,0.529251706346065,-0.100199232271387,0.417583226403204,-0.145192956724566,-0.318158614613169,0.295582176019745,0.155277825298966,14.1,0
122484.0,0.223275791318515,-0.685506811312963,1.76351779526641,-1.56019385431644,-1.13893612736893,0.759037423077197,-1.02836667183565,0.367239757974617,0.422831567577746,-0.214872750351708,-1.48666748500986,-0.130042940963196,0.993036840324173,-1.68220211597134,-1.20309405350584,1.11702496935671,0.187717293256684,-0.911331182385605,0.337839240778813,0.13198378244835,0.430742272192989,1.46029086510226,0.0008176334062273,0.673475518686082,-0.472095995297571,-0.125799166441298,0.112779475435687,0.0285339934549617,36.3,0
48384.0,-1.64217812919504,-0.632745149414648,1.9772581493775,0.803877523354582,0.828517442417667,-0.0125018459971006,0.154240477994757,-0.181616441049193,0.615887014748663,-0.136988336712631,-1.42749304701508,0.336949711602053,1.17030039220219,-1.03682062498092,0.0235753536139394,0.137171571173906,-0.776462080615871,0.240469444996466,0.434540490841736,-0.502947035497329,-0.222327737668847,0.433956831622507,0.774615679949373,-0.422754566878269,0.0126227283498093,-0.442949089511003,0.0956264851313566,-0.261939305399514,12.99,0
159654.0,0.194975138549383,1.02918319078126,-0.6740688434503,-0.696783529409123,1.2376610109239,-0.464829881684984,0.962931479247558,-0.0730680257447993,-0.0133264474799265,-0.834412067053526,-1.2633831678081,-0.295418769180804,0.192278576675252,-1.07081356029585,-0.199411330240287,0.518751711486549,0.124432290219781,-0.0118482588457616,0.0174846661173123,0.0418934341800401,-0.384604758741992,-0.949237724911941,0.0109021596137657,-0.0693600341476902,-0.331782834151475,0.152542243723715,0.222400786874387,0.0777933568200549,1.98,0
114940.0,-0.706896574105036,1.43861158839274,-0.273680222936902,2.03188416676311,4.23972692490682,4.18097574525452,1.44414672725974,0.31402453349358,-2.49399932022713,1.57667871001159,-0.132242921946075,-1.1269735693109,-0.421865917337432,0.415586719265381,0.24826689646161,-0.198093653113735,-0.623404484730662,-0.531014776506949,-0.472934124202127,0.146470961439973,0.0164355933480415,0.115245789234486,-0.604037532519631,0.703100032032942,0.887917205689487,0.317951627196495,-0.591999817511674,-0.378819000797067,25.51,0
